{
    "parent": "builtin/entity",
    "display": {
        "thirdperson_righthand": {
            "rotation": [
                90,
                180,
                0
            ],
            "translation": [
                -1.46875,
                -2,
                11.875
            ],
            "scale": [
                0.3515625,
                1.40625,
                0.46875
            ]
        },
        "thirdperson_lefthand": {
            "rotation": [
                90,
                180,
                0
            ],
            "translation": [
                -1.46875,
                -2,
                11.875
            ],
            "scale": [
                0.3515625,
                1.40625,
                0.46875
            ]
        }
    }
}